<?xml version="1.0" encoding="UTF-8"?>
<metadata modelVersion="1.1.0">
  <groupId>com.piesoftsol.oneservice.common</groupId>
  <artifactId>oneservice-common</artifactId>
  <version>4.0.1-beta-1.0-SNAPSHOT</version>
  <versioning>
    <snapshot>
      <localCopy>true</localCopy>
    </snapshot>
    <lastUpdated>20200403203915</lastUpdated>
    <snapshotVersions>
      <snapshotVersion>
        <classifier>javadoc</classifier>
        <extension>jar.asc</extension>
        <value>4.0.1-beta-1.0-SNAPSHOT</value>
        <updated>20200403203915</updated>
      </snapshotVersion>
      <snapshotVersion>
        <classifier>sources</classifier>
        <extension>jar.asc</extension>
        <value>4.0.1-beta-1.0-SNAPSHOT</value>
        <updated>20200403203915</updated>
      </snapshotVersion>
      <snapshotVersion>
        <extension>pom.asc</extension>
        <value>4.0.1-beta-1.0-SNAPSHOT</value>
        <updated>20200403203915</updated>
      </snapshotVersion>
      <snapshotVersion>
        <extension>jar.asc</extension>
        <value>4.0.1-beta-1.0-SNAPSHOT</value>
        <updated>20200403203915</updated>
      </snapshotVersion>
      <snapshotVersion>
        <classifier>javadoc</classifier>
        <extension>jar</extension>
        <value>4.0.1-beta-1.0-SNAPSHOT</value>
        <updated>20200403203915</updated>
      </snapshotVersion>
      <snapshotVersion>
        <classifier>sources</classifier>
        <extension>jar</extension>
        <value>4.0.1-beta-1.0-SNAPSHOT</value>
        <updated>20200403203915</updated>
      </snapshotVersion>
      <snapshotVersion>
        <extension>jar</extension>
        <value>4.0.1-beta-1.0-SNAPSHOT</value>
        <updated>20200403203915</updated>
      </snapshotVersion>
      <snapshotVersion>
        <extension>pom</extension>
        <value>4.0.1-beta-1.0-SNAPSHOT</value>
        <updated>20200403203915</updated>
      </snapshotVersion>
    </snapshotVersions>
  </versioning>
</metadata>
